,ASW_label,ARI,NMI,1-cLISI,bLISI,ASW_batch,kBET Accept Rate,graph connectivity,PCR_batch,pos rate,true pos rate,F1 LISI
X_pca,0.6564133763313293,0.8533744151832223,0.9155091479256188,0.9986680231373625,0.16616097345925745,0.8675552757041824,0,0.9954034530905315,0.0,0.985361619051877,0.12540237850404615,0.2849167583773694
