,ASW_label,ARI,NMI,1-cLISI,bLISI,ASW_batch,kBET Accept Rate,graph connectivity,PCR_batch,pos rate,true pos rate,F1 LISI
X_pca,0.6536616086959839,0.885055409256923,0.9179611723923806,0.9988478014553488,0.09746936363889973,0.8362383264347142,0,0.9973451560243479,0.0,0.9876796803972686,0.03166568834525338,0.177607471048941
