,ASW_label,ARI,NMI,1-cLISI,bLISI,ASW_batch,kBET Accept Rate,graph connectivity,PCR_batch,pos rate,true pos rate,F1 LISI
X_pca,0.6500412374734879,0.913634901084524,0.9338393545602732,0.9988537043335509,0.15848741259371477,0.8680005984754944,0,0.9978829880210887,0.0,0.9885156102367118,0.0852599764916455,0.2735679858670756
