dementia,normal
0.5204695427149265,0.47953045728507343
0.4781894050769964,0.5218105949230036
