Control,Disease
0.5725670345451098,0.4274329654548903
0.5333914106920242,0.4666085893079758
