Control,Disease
0.5790304516519941,0.4209695483480059
0.47954922494799795,0.520450775052002
