AAB,Control,T1D
0.4435240078308211,0.4619838541198281,0.09449213804935078
0.3385162066631571,0.5525091588865372,0.10897463445030565
0.24336734693877551,0.4257876275510204,0.33084502551020406
