mutated,nan
0.769355236815402,0.2306447631845981
0.20149810331138573,0.7985018966886143
