mutated,nan
0.576689612301054,0.42331038769894597
0.4258607277189212,0.5741392722810789
