mutated,nan
0.7684792828934998,0.23152071710650035
0.2423190125991451,0.757680987400855
