mutated,nan
0.48819971165298065,0.5118002883470193
0.5021894122270252,0.49781058777297477
