NT,Perturbed
0.5820261046581248,0.4179738953418752
0.4554442722408704,0.5445557277591295
