NT,Perturbed
0.4147706861453718,0.5852293138546282
0.6134453781512604,0.3865546218487395
