NT,Perturbed
0.6104658124775476,0.3895341875224524
0.4873404412738218,0.5126595587261782
