,ASW_label,ARI,NMI,1-cLISI,bLISI,ASW_batch,kBET Accept Rate,graph connectivity,PCR_batch,pos rate,true pos rate,F1 LISI
latent,0.5418268144130707,0.969365391807504,0.9542955899798473,0.9903790710737541,0.7492344145507099,0.9845631876895367,0.712934935726986,0.9992245893742812,0.0,0.9921188089550034,0.8206290175602788,0.853093045818574
