,ASW_label,ARI,NMI,1-cLISI,bLISI,ASW_batch,kBET Accept Rate,graph connectivity,PCR_batch,pos rate,true pos rate,F1 LISI
latent,0.5060699437744915,0.3258301475767778,0.3037855003992622,0.9154782655675464,0.26103751702508343,0.976763968509811,0.8837283992949339,0.9386529420630577,0.0,0.9346808818563366,0.8479424960200685,0.40624048885696484
