,ASW_label,ARI,NMI,1-cLISI,bLISI,ASW_batch,kBET Accept Rate,graph connectivity,PCR_batch,pos rate,true pos rate,F1 LISI
latent,0.5268478468060493,0.6159676959631499,0.6877634173030268,0.9462196491038722,0.37068349521908667,0.9097499153884812,0.4858618074640022,0.9977513654027126,0.0,0.9138651283071414,0.21324845832504477,0.5326861102683847
