,ASW_label,ARI,NMI,1-cLISI,bLISI,ASW_batch,kBET Accept Rate,graph connectivity,PCR_batch,pos rate,true pos rate,F1 LISI
latent,0.5413122214376926,0.4758275650863633,0.6000586041338172,0.9413092386527133,0.05446735664034194,0.7586164586046744,0.017197460258943198,0.9705319605370758,0.0,0.8362043449949683,0.021073817557568222,0.10297616202850647
