,ASW_label,ARI,NMI,1-cLISI,bLISI,ASW_batch,kBET Accept Rate,graph connectivity,PCR_batch,pos rate,true pos rate,F1 LISI
latent,0.4991321434499696,0.7099950883463028,0.7139525269527801,0.9775951533466863,0.5118427210385306,0.914148787013,0.5437648289192362,0.9937474776720399,0.0,0.9336597307221542,0.36964504283965727,0.6718977299668618
