,ASW_label,ARI,NMI,1-cLISI,bLISI,ASW_batch,kBET Accept Rate,graph connectivity,PCR_batch,pos rate,true pos rate,F1 LISI
ef,0.6733586341142654,0.9002000173247925,0.9177980626217841,0.9945344149217002,0.09613234847651307,0.8477484113372904,0.21252080829279607,0.9994726166291381,0,0.992143437677019,0.048173780262542175,0.1753183138161347
