,ASW_label,ARI,NMI,1-cLISI,bLISI,ASW_batch,kBET Accept Rate,graph connectivity,PCR_batch,pos rate,true pos rate,F1 LISI
ef,0.5404213964939117,0.47638369351471505,0.4153943462202346,0.9303678667121824,0.004172775472585476,0.7207280247517539,0.9340287854871676,0.9039317535449441,0.3368430771398292,0.9330889092575618,0.17000337691157316,0.00830828760025338
