,ASW_label,ARI,NMI,1-cLISI,bLISI,ASW_batch,kBET Accept Rate,graph connectivity,PCR_batch,pos rate,true pos rate,F1 LISI
ef,0.5368223376572132,0.5756369869285456,0.64142886019176,0.9320431211669962,0.1719226492780893,0.6872937408199474,0.1276640922346267,0.9663653729673687,0.6466455780548358,0.8209909429941395,0.08707748771680578,0.2902976286444924
