,ASW_label,ARI,NMI,1-cLISI,bLISI,ASW_batch,kBET Accept Rate,graph connectivity,PCR_batch,pos rate,true pos rate,F1 LISI
ef,0.5704668611288071,0.787141623933192,0.7609381260818235,0.9659990397846461,0.24232264065995607,0.6695380378074588,0.6144081759857484,0.9952719214795114,0.5644104099913501,0.9214243087328426,0.1879848816391486,0.38745218592695674
