,ASW_label,ARI,NMI,1-cLISI,bLISI,ASW_batch,kBET Accept Rate,graph connectivity,PCR_batch,pos rate,true pos rate,F1 LISI
ef,0.5450393222272396,0.7377692313092996,0.7437870211117935,0.9836065483910553,0.16357891500355828,0.7730730457648567,0.37001179927238925,0.9909630183766682,0.2235621781379152,0.9326805385556916,0.10722154222766218,0.2805078988712005
