,ASW_label,ARI,NMI,1-cLISI,bLISI,ASW_batch,kBET Accept Rate,graph connectivity,PCR_batch,pos rate,true pos rate,F1 LISI
X_pca,0.6679093837738037,0.7644806680404461,0.8739911666478477,0.9979038490441849,0.04521271272706767,0.8581708786783914,0.6596843886733783,0.9916366467663505,0.0,0.9773159118343989,1.8628634446580528e-06,0.08650603721497398
