dementia,normal
0.6047923226607226,0.3952076773392774
0.4202232971086897,0.5797767028913103
