,ASW_label,ARI,NMI,1-cLISI,bLISI,ASW_batch,kBET Accept Rate,graph connectivity,PCR_batch,pos rate,true pos rate,F1 LISI
X_pca,0.5132284024730325,0.0250431356865109,0.054447052253948296,0.8171554014947225,0.3926013768343191,0.9536127694797267,0.8029610072994916,0.8118471488207945,0.0,0.8369916542042549,0.689275893675527,0.5303815468718458
