Control,Disease
0.7872910780035091,0.21270892199649097
0.189731800161248,0.8102681998387521
