,ASW_label,ARI,NMI,1-cLISI,bLISI,ASW_batch,kBET Accept Rate,graph connectivity,PCR_batch,pos rate,true pos rate,F1 LISI
X_pca,0.405538409948349,0.18271689587441384,0.3926719827053603,0.9584437552751492,0.0743976798050052,0.7674333883017173,0.31531930411259257,0.6842685918504713,0.0,0.3707582888078978,0.031973390892042035,0.13807732570398581
