,ASW_label,ARI,NMI,1-cLISI,bLISI,ASW_batch,kBET Accept Rate,graph connectivity,PCR_batch,pos rate,true pos rate,F1 LISI
X_pca,0.6269787847995758,0.11248732923733447,0.27737662233018506,0.8902617847363214,0.2215087639448677,0.8634837030718486,0.007711153942888016,0.9921004511940104,0.0,0.9443738497940584,0.02179914117956358,0.3547508750941804
