AAB,Control,T1D
0.5179064313730916,0.3896732776690164,0.09242029095789203
0.27503518516528974,0.5962784301507321,0.1286863846839781
0.07763711734693877,0.16309630102040815,0.759266581632653
