,ASW_label,ARI,NMI,1-cLISI,bLISI,ASW_batch,kBET Accept Rate,graph connectivity,PCR_batch,pos rate,true pos rate,F1 LISI
X_pca,0.5669926479458809,0.6615081068735233,0.6813058303213552,0.9632461696358581,0.07964459400310793,0.7967555582567399,0.2764023475612484,0.8383531255200269,0.0,0.7886136836815277,0.002067628688348051,0.1471244214264711
