mutated,nan
0.5878424120855011,0.41215758791449886
0.42432894114250425,0.5756710588574957
