,ASW_label,ARI,NMI,1-cLISI,bLISI,ASW_batch,kBET Accept Rate,graph connectivity,PCR_batch,pos rate,true pos rate,F1 LISI
X_pca,0.7104154378175735,0.9497864744508018,0.9373495319650305,0.9952528008934902,0.19305115729397967,0.7684274524653442,0.3186384603493422,0.9986583814795115,0.0,0.990345540969879,0.17905080905351822,0.3233763612226416
