,ASW_label,ARI,NMI,1-cLISI,bLISI,ASW_batch,kBET Accept Rate,graph connectivity,PCR_batch,pos rate,true pos rate,F1 LISI
X_pca,0.5645018517971039,0.41020903121498475,0.4248683287443881,0.9380746628486608,0.3573893977048999,0.9516944518121689,0.548424477666331,0.9306166207560581,0.0,0.9361763712673067,0.5168604370688408,0.5175874020224874
