NT,Perturbed
0.30415519099509036,0.6958448090049095
0.700387847446671,0.299612152553329
