,ASW_label,ARI,NMI,1-cLISI,bLISI,ASW_batch,kBET Accept Rate,graph connectivity,PCR_batch,pos rate,true pos rate,F1 LISI
latent,0.6602081060409546,0.8393313867800658,0.8527127703204078,0.9889615919804233,0.7294122016563603,0.9247997024862407,0.788451536541667,0.9981204585346293,0.0,0.9794350171169618,0.7483437184444499,0.8395852576793839
