,ASW_label,ARI,NMI,1-cLISI,bLISI,ASW_batch,kBET Accept Rate,graph connectivity,PCR_batch,pos rate,true pos rate,F1 LISI
latent,0.4648887887597084,0.08756579363407291,0.2188705843650652,0.9236290847396704,0.23983628604816384,0.9651956243584882,0.8944864177087579,0.8867356171294345,0.0,0.9233923488832071,0.8481354623956776,0.38079305999460294
