,ASW_label,ARI,NMI,1-cLISI,bLISI,ASW_batch,kBET Accept Rate,graph connectivity,PCR_batch,pos rate,true pos rate,F1 LISI
latent,0.5866563022136688,0.5920231050225154,0.6288897925140787,0.944092338524995,0.5275318064409188,0.8320189796814247,0.7525770267553682,0.904031323320478,0.0,0.8404615078575691,0.3799482792918242,0.6768558921689312
