,ASW_label,ARI,NMI,1-cLISI,bLISI,ASW_batch,kBET Accept Rate,graph connectivity,PCR_batch,pos rate,true pos rate,F1 LISI
latent,0.5670960545539856,0.5263482259354985,0.5758043121104989,0.9208360917942543,0.09488990501313145,0.7542328409014617,0.0654387927866914,0.8949953946789992,0.0,0.765109808796543,0.031965903036760786,0.17205043399039763
