,ASW_label,ARI,NMI,1-cLISI,bLISI,ASW_batch,kBET Accept Rate,graph connectivity,PCR_batch,pos rate,true pos rate,F1 LISI
latent,0.5256739910691977,0.5259642275101571,0.6558969721636438,0.9732748823813944,0.27018744670714545,0.7853680395107826,0.3207041529343193,0.8681139403478454,0.0,0.8815177478580172,0.12876376988984087,0.4229587809187292
