,ASW_label,ARI,NMI,1-cLISI,bLISI,ASW_batch,kBET Accept Rate,graph connectivity,PCR_batch,pos rate,true pos rate,F1 LISI
cf,0.5506751090288162,0.9808844155988334,0.9659880003542185,0.9958631497379129,0.1440160741583977,0.6858293637570642,0.44171832299754765,0.9992355395904038,0.8518270846405124,0.9915277196266286,0.26490653399995073,0.25164122341669604
