,ASW_label,ARI,NMI,1-cLISI,bLISI,ASW_batch,kBET Accept Rate,graph connectivity,PCR_batch,pos rate,true pos rate,F1 LISI
cf,0.5390674099326134,0.5505103402976648,0.42181076768240433,0.9272810895608511,0.02052525161471544,0.6464528658971308,0.8279356983451883,0.9194584123095018,0.9958118435387571,0.9314486950648849,0.8051039606348593,0.04016153269706483
