,ASW_label,ARI,NMI,1-cLISI,bLISI,ASW_batch,kBET Accept Rate,graph connectivity,PCR_batch,pos rate,true pos rate,F1 LISI
cf,0.533092338591814,0.6853544622711988,0.677206426476181,0.9502748205655763,0.5827511077406264,0.8601618947491753,0.7088849824027588,0.9939705162913056,0.9984885532243795,0.8979510642530336,0.6626218420529143,0.7224583669689966
