,ASW_label,ARI,NMI,1-cLISI,bLISI,ASW_batch,kBET Accept Rate,graph connectivity,PCR_batch,pos rate,true pos rate,F1 LISI
cf,0.5141556691378355,0.5544873571873327,0.588890569536858,0.9187782912793934,0.3165937967947126,0.7311486032445984,0.2674127488555875,0.9631783050627348,0.9912167147412093,0.7798496418634937,0.2718877641626709,0.47091805045097085
