,ASW_label,ARI,NMI,1-cLISI,bLISI,ASW_batch,kBET Accept Rate,graph connectivity,PCR_batch,pos rate,true pos rate,F1 LISI
cf,0.5000222796370508,0.6470588661993157,0.6604747689110412,0.9764180367075428,0.45468713027758517,0.8315459656597867,0.5977637082639586,0.9459562294091695,0.8605406797358063,0.9055079559363525,0.3784577723378213,0.6204501602032719
