dementia,normal
0.9984972014468594,0.0015027985531405749
0.003244835454252345,0.9967551645457476
