Control,Disease
0.7806380164382385,0.21936198356176145
0.25879955327808085,0.7412004467219191
