Control,Disease
0.9999761453511464,2.385464885360521e-05
5.5712750323528764e-05,0.9999442872496765
