Control,Disease
0.9998950395450441,0.00010496045495586294
0.00010440657147243974,0.9998955934285275
