AAB,Control,T1D
0.6941414113463893,0.14113118008813133,0.16472740856547935
0.1512317493741875,0.6862611330160402,0.16250711760977232
0.16009885204081634,0.14881058673469386,0.6910905612244898
