AAB,Control,T1D
0.9520811859681648,0.0479049786589373,1.383537289788803e-05
0.028132016888879337,0.9712126258339691,0.0006553572771516668
0.0003635204081632653,0.004209183673469387,0.9954272959183673
