AAB,Control,T1D
0.4633051322315765,0.3647246414908998,0.17197022627752373
0.2620784494891436,0.5913444493387338,0.1465771011721226
0.2963424744897959,0.3557780612244898,0.3478794642857143
