AAB,Control,T1D
0.9493037220131204,0.03647110961306793,0.014225168373811707
0.01510444476805333,0.9786067558748496,0.006288799357097012
0.030698323431785024,0.04166050022199201,0.927641176346223
