mutated,nan
0.517949601955745,0.482050398044255
0.46312083470338683,0.5368791652966132
