NT,Perturbed
0.5506526164531194,0.4493473835468806
0.4928466289203355,0.5071533710796645
